{
  "MU_GLOBAL": 6.80135984632164,
  "s_x": 0.9995749160703443,
  "s_dWA": 0.06337320080451651,
  "s_dOD": 0.0609833538389859,
  "s_dt": 1.7645790094741152,
  "knots": [
    -1.8395033895302506,
    -0.18131387058759077,
    0.4395306572163639,
    1.4342190807006776
  ],
  "coef_rcs": [
    [
      6.0658855915931005,
      7.5142953871861815
    ],
    [
      5.183195964587481,
      6.17530516602939
    ]
  ],
  "coef_dt_proj": [
    -1.5616237140428324,
    0.053645283466383094,
    -0.33151066482715325,
    0.32134811146604053
  ],
  "dt_clip": 2.0
}